N,P,K,pH,Moisture,Organic_Matter,Humidity,Temperature
122.0,23.0,110,5.76,57.67,3.13,36.45,36.42
71.0,57.0,127,6.04,41.31,2.32,55.71,19.22
112.0,24.0,76,7.39,27.88,2.51,79.58,23.54
34.0,81.0,66,7.08,26.92,4.3,89.3,34.12
126.0,87.0,26,7.72,32.26,4.71,43.27,32.97
91.0,71.0,53,7.1,49.31,4.92,67.68,21.69
80.0,49.0,144,6.82,58.73,4.91,55.95,22.19
,89.0,145,5.3,55.63,1.27,88.35,25.41
122.0,62.0,127,6.18,33.96,3.37,81.32,27.69
102.0,33.0,115,5.85,72.43,1.1,81.11,30.37
106.0,35.0,127,5.78,60.06,3.66,60.78,25.38
94.0,69.0,95,8.11,49.6,3.1,57.82,27.25
94.0,50.0,127,6.26,52.87,5.42,50.04,32.95
107.0,38.0,16,7.85,41.92,2.62,38.1,18.73
136.0,24.0,144,7.02,32.12,1.41,82.56,23.05
119.0,54.0,68,7.54,38.29,1.54,79.71,32.27
123.0,74.0,101,6.61,61.2,4.76,89.98,35.9
43.0,80.0,143,6.85,18.82,4.01,89.82,28.23
22.0,,161,6.58,24.62,1.33,65.55,28.64
41.0,10.0,140,5.62,20.62,1.24,77.29,20.14
72.0,17.0,144,7.31,20.32,4.45,86.96,26.95
21.0,72.0,67,5.9,66.76,1.18,81.73,28.65
107.0,20.0,174,5.08,58.11,5.07,48.6,22.85
127.0,90.0,174,7.07,45.03,4.47,59.78,23.38
49.0,17.0,82,5.57,23.58,1.22,42.1,25.55
57.0,44.0,137,8.01,46.02,1.24,87.47,18.4
21.0,44.0,159,8.05,44.99,5.93,68.34,24.44
83.0,42.0,52,7.93,27.87,2.75,47.58,22.23
79.0,14.0,38,6.18,42.73,2.73,71.94,24.55
40.0,50.0,83,5.05,40.71,5.03,69.0,20.4
52.0,37.0,130,7.97,53.1,5.73,54.7,35.81
,16.0,112,6.37,54.2,5.93,41.25,29.87
77.0,82.0,153,8.09,20.58,4.72,71.94,31.58
41.0,81.0,158,8.08,39.35,2.76,63.62,33.78
127.0,21.0,111,7.73,53.67,1.23,77.48,27.97
108.0,43.0,138,5.94,46.68,4.84,63.61,19.74
68.0,42.0,84,6.23,66.82,3.7,81.87,28.74
110.0,57.0,107,7.72,55.55,3.01,65.35,29.74
78.0,32.0,17,6.01,27.29,5.51,65.85,32.91
61.0,71.0,162,5.54,22.02,1.38,83.22,26.63
111.0,46.0,178,6.78,54.62,3.36,57.19,20.55
79.0,53.0,161,8.0,19.51,0.86,42.37,23.68
99.0,44.0,104,7.23,51.39,3.24,36.58,25.26
34.0,74.0,161,6.82,71.59,1.09,76.53,30.92
81.0,56.0,162,,50.8,1.42,69.12,29.42
81.0,87.0,110,6.97,40.13,1.41,73.72,25.12
66.0,12.0,66,8.17,54.67,4.18,46.71,37.73
81.0,10.0,175,5.45,44.12,4.68,42.5,30.12
70.0,14.0,142,6.66,49.1,3.83,35.8,22.74
127.0,23.0,53,7.81,71.66,5.8,54.28,20.04
74.0,36.0,96,7.37,40.01,2.75,67.45,21.06
135.0,18.0,118,7.23,72.79,2.29,56.57,22.92
83.0,88.0,143,7.25,69.6,5.32,59.06,21.21
140.0,24.0,25,6.15,29.16,1.96,84.73,21.73
22.0,51.0,165,5.94,21.95,5.81,54.15,23.7
120.0,86.0,173,7.59,23.74,0.86,63.27,21.47
70.0,60.0,56,7.59,,5.84,78.1,35.94
26.0,72.0,113,7.77,23.38,1.02,56.81,19.6
40.0,61.0,21,7.92,56.93,5.43,69.21,28.49
92.0,13.0,158,6.64,22.06,3.54,82.43,26.21
58.0,32.0,104,6.6,36.18,5.96,87.22,37.65
37.0,24.0,126,7.55,66.16,1.18,43.09,20.24
23.0,52.0,74,7.08,19.33,3.68,85.96,25.96
108.0,38.0,127,7.25,64.42,5.84,62.07,37.39
79.0,45.0,16,7.55,34.07,3.52,49.2,35.31
33.0,22.0,143,7.85,24.74,4.07,60.25,34.34
133.0,41.0,62,6.08,57.71,4.42,88.9,23.16
28.0,80.0,154,6.2,53.85,3.16,62.09,21.42
109.0,68.0,51,5.3,68.02,4.06,53.08,31.37
72.0,37.0,174,6.85,59.9,3.84,69.84,36.59
21.0,75.0,23,5.12,63.8,5.49,48.21,29.14
103.0,51.0,113,6.49,34.08,1.04,39.17,29.43
111.0,54.0,161,6.74,28.11,2.26,42.09,23.6
130.0,71.0,62,5.92,60.79,5.74,42.04,33.39
79.0,66.0,145,6.89,63.99,5.43,43.35,21.74
90.0,15.0,162,5.1,74.46,3.17,42.64,24.47
63.0,37.0,166,5.12,41.52,4.02,70.25,26.51
27.0,37.0,68,7.63,39.21,2.24,45.0,28.15
66.0,53.0,134,6.15,62.26,1.78,54.01,22.85
54.0,39.0,175,,37.43,3.21,84.32,20.3
97.0,71.0,166,6.67,71.05,2.64,61.07,30.21
100.0,84.0,130,7.46,66.93,3.84,71.72,23.77
55.0,71.0,89,5.69,42.45,1.2,44.48,29.62
69.0,10.0,127,6.99,60.8,5.87,45.58,21.09
123.0,36.0,178,5.27,61.01,5.93,37.25,27.62
23.0,71.0,180,5.17,23.88,4.43,44.29,28.65
21.0,86.0,118,6.7,69.45,3.59,50.32,19.04
25.0,12.0,98,6.73,46.8,2.41,44.74,24.73
73.0,79.0,126,7.04,65.11,5.03,39.88,20.69
125.0,81.0,113,7.32,36.24,4.36,41.63,19.27
23.0,36.0,167,8.12,69.04,1.65,60.34,37.8
73.0,18.0,107,6.65,40.18,5.54,46.35,24.45
112.0,71.0,160,6.03,18.62,5.08,55.03,34.2
82.0,46.0,142,7.54,69.61,5.74,62.69,23.09
37.0,60.0,124,5.87,23.2,4.57,72.97,31.63
109.0,53.0,96,6.4,36.2,3.99,37.16,33.2
63.0,33.0,68,5.25,72.15,2.97,78.97,29.91
53.0,88.0,177,5.08,72.18,5.65,69.53,27.43
93.0,68.0,175,8.08,50.69,5.3,39.5,26.24
81.0,41.0,82,7.68,54.01,1.04,83.05,24.98
94.0,50.0,127,6.26,52.87,5.42,50.04,32.95
110.0,57.0,107,7.72,55.55,3.01,65.35,29.74
